{
  "dependencies": {
    "apis1": {
      "resourceId": "/subscriptions/[parameters('subscriptionId')]/resourceGroups/[parameters('resourceGroupName')]/providers/Microsoft.ApiManagement/service/MiniTurboAzAPIPlan/apis/MiniTurboAzAPI",
      "type": "apis.azure"
    },
    "mssql1": {
      "serviceConnectorResourceId": "/subscriptions/[parameters('subscriptionId')]/resourcegroups/[parameters('resourceGroupName')]/providers/Microsoft.Web/sites/MiniTurboAzAPI/providers/Microsoft.ServiceLinker/linkers/ConnectionStringsMiniTurboAz_DAA226B652",
      "secretStore": "AzureAppSettings",
      "resourceId": "/subscriptions/[parameters('subscriptionId')]/resourceGroups/[parameters('resourceGroupName')]/providers/Microsoft.Sql/servers/miniturboazik/databases/MiniTurboAz",
      "type": "mssql.azure",
      "connectionId": "ConnectionStrings:MiniTurboAz",
      "dynamicId": null
    }
  }
}